id,treatment,g Slurry,dilution factor,N-NH4,N-NH4 mg/L
1,0-bp,1.034,50,52,2514.50677
1,0-bp,1.016,50,45,2214.566929
2,1.5,1.018,50,50,2455.795678
2,1.5,1.05,50,46,2190.47619
3,2.9,1.094,50,55,2513.711152
3,2.9,1.053,50,53,2516.619183
4,5.7,1.067,50,53,2483.598875
4,5.7,1.022,50,50,2446.183953
5,Mp,1.013,50,50,2467.917078
5,Mp,1.008,50,51,2529.761905